<?xml version="1.0" encoding="utf-8"?>
<bwFrame xmlns:xsd="http://www.w3.org/2001/XMLSchema" xmlns:xsi="http://www.w3.org/2001/XMLSchema-instance" default_layout="npnxnanbnsnfns00001100101" textdirection="ltr" textengine="DirectWrite" device="false" fontscale="100" captionFontScale="100" kbshortcuts="false" skip_nav_enabled="true" chromeless="true" outputtype="undefined" theme="unified" themeAccentColor="0x4FBDF4">
  <layouts>
    <layout name="npnxnanbsnfns00001100101" font="Lato" controllayout="npnxnanbsnfns00001100101" colorscheme="npnxnanbnsnfns00001100101" string_table="npnxnanbnsnfns00001100101" />
    <layout name="pxabnsnfns00001100101" font="Lato" controllayout="pxabnsnfns00001100101" colorscheme="npnxnanbnsnfns00001100101" string_table="npnxnanbnsnfns00001100101" />
    <layout name="npxnabnsnfns00001100101" font="Lato" controllayout="npxnabnsnfns00001100101" colorscheme="npnxnanbnsnfns00001100101" string_table="npnxnanbnsnfns00001100101" />
    <layout name="npnxnanbnsnfns00001100101" font="Lato" controllayout="npnxnanbnsnfns00001100101" colorscheme="npnxnanbnsnfns00001100101" string_table="npnxnanbnsnfns00001100101" />
    <layout name="pxabnsnfns00001100100" font="Lato" controllayout="pxabnsnfns00001100100" colorscheme="npnxnanbnsnfns00001100101" string_table="npnxnanbnsnfns00001100101" />
  </layouts>
  <control_options>
    <optiongroups>
      <optiongroup name="sidebaroptions">
        <options>
          <option name="title_enabled" value="true">
            <options>
              <option name="title_text" value="Introcuction to Word_B2_C3" />
            </options>
          </option>
          <option name="logo_enabled" value="false">
            <options />
          </option>
          <option name="sidebar_enabled" value="true">
            <options>
              <option name="sidebarpos" value="left" />
              <option name="closed" value="false" />
            </options>
          </option>
          <optionlist name="tabs">
            <listitems>
              <listitem name="resources" value="true" group="linkright" />
              <listitem name="outline" value="true" group="sidebar" />
              <listitem name="glossary" value="false" group="sidebar" />
              <listitem name="transcript" value="false" group="sidebar" />
            </listitems>
          </optionlist>
          <option name="time_enabled" value="false">
            <options>
              <option name="time_format" value="none" />
            </options>
          </option>
          <option name="video_enabled" value="false">
            <options>
              <option name="height" value="135" />
            </options>
          </option>
          <option name="logoAltText" />
        </options>
      </optiongroup>
      <optiongroup name="menuoptions">
        <options>
          <option name="flow" value="free" />
          <option name="wraplistitems" value="false" />
          <option name="tooltips" value="true" />
          <option name="autocollapse" value="true" />
          <option name="autonumber" value="false" />
          <option name="enableresultsicons" value="true" />
        </options>
      </optiongroup>
      <optiongroup name="controls">
        <options>
          <option name="volume" value="true" />
          <option name="seekbar" value="false">
            <options>
              <option name="readonly" value="false" />
              <option name="readonlyOnce" value="false" />
            </options>
          </option>
          <option name="pauseplay" value="false" />
          <option name="replay" value="false" />
          <option name="search" value="false" />
          <option name="closed_captions" value="true" />
          <option name="settings" value="true" />
          <option name="fullScreenToggle" value="false" />
          <option name="playbackSpeedControl" value="false" />
        </options>
      </optiongroup>
      <optiongroup name="bottombaroptions">
        <options>
          <option name="bottombar_enabled" value="true" />
        </options>
      </optiongroup>
      <optiongroup name="buttonoptions">
        <options>
          <option name="next" value="icon" />
          <option name="previous" value="icon" />
          <option name="submit" value="icon" />
        </options>
      </optiongroup>
      <optiongroup name="ccOptions">
        <options>
          <option name="font" value="Lato" />
          <option name="size" value="100" />
          <option name="placement" value="100" />
          <option name="backgroundColor" value="#FFFFFFFF" />
          <option name="color" value="#FFFFFFFF" />
        </options>
      </optiongroup>
    </optiongroups>
  </control_options>
  <control_layouts>
    <control_layout name="npnxnanbsnfns00001100101">
      <control name="volume" enabled="true" />
      <control name="seekbar" enabled="false" />
      <control name="replay" enabled="false" />
      <control name="pauseplay" enabled="false" />
      <control name="logo" enabled="false" />
      <control name="previous" enabled="false" />
      <control name="next" enabled="false" />
      <control name="swipeleft" enabled="false" />
      <control name="swiperight" enabled="false" />
      <control name="fullScreenToggle" enabled="false" />
      <control name="playbackSpeedControl" enabled="false" />
      <control name="submit" enabled="true" />
      <control name="finish" enabled="false" />
      <control name="submitall" enabled="false" />
      <control name="resources" enabled="true" />
      <control name="glossary" enabled="false" />
      <control name="transcript" enabled="false" />
      <control name="outline" enabled="true">
        <controls>
          <control name="search" enabled="false" />
        </controls>
      </control>
      <control name="close_btn" enabled="true" />
    </control_layout>
    <control_layout name="pxabnsnfns00001100101">
      <control name="volume" enabled="true" />
      <control name="seekbar" enabled="false" />
      <control name="replay" enabled="false" />
      <control name="pauseplay" enabled="false" />
      <control name="logo" enabled="false" />
      <control name="previous" enabled="true" />
      <control name="next" enabled="true" />
      <control name="swipeleft" enabled="true" />
      <control name="swiperight" enabled="true" />
      <control name="fullScreenToggle" enabled="false" />
      <control name="playbackSpeedControl" enabled="false" />
      <control name="submit" enabled="false" />
      <control name="finish" enabled="false" />
      <control name="submitall" enabled="false" />
      <control name="resources" enabled="true" />
      <control name="glossary" enabled="false" />
      <control name="transcript" enabled="false" />
      <control name="outline" enabled="true">
        <controls>
          <control name="search" enabled="false" />
        </controls>
      </control>
      <control name="close_btn" enabled="true" />
    </control_layout>
    <control_layout name="npxnabnsnfns00001100101">
      <control name="volume" enabled="true" />
      <control name="seekbar" enabled="false" />
      <control name="replay" enabled="false" />
      <control name="pauseplay" enabled="false" />
      <control name="logo" enabled="false" />
      <control name="previous" enabled="false" />
      <control name="next" enabled="true" />
      <control name="swipeleft" enabled="false" />
      <control name="swiperight" enabled="true" />
      <control name="fullScreenToggle" enabled="false" />
      <control name="playbackSpeedControl" enabled="false" />
      <control name="submit" enabled="false" />
      <control name="finish" enabled="false" />
      <control name="submitall" enabled="false" />
      <control name="resources" enabled="true" />
      <control name="glossary" enabled="false" />
      <control name="transcript" enabled="false" />
      <control name="outline" enabled="true">
        <controls>
          <control name="search" enabled="false" />
        </controls>
      </control>
      <control name="close_btn" enabled="true" />
    </control_layout>
    <control_layout name="npnxnanbnsnfns00001100101">
      <control name="volume" enabled="true" />
      <control name="seekbar" enabled="false" />
      <control name="replay" enabled="false" />
      <control name="pauseplay" enabled="false" />
      <control name="logo" enabled="false" />
      <control name="previous" enabled="false" />
      <control name="next" enabled="false" />
      <control name="swipeleft" enabled="false" />
      <control name="swiperight" enabled="false" />
      <control name="fullScreenToggle" enabled="false" />
      <control name="playbackSpeedControl" enabled="false" />
      <control name="submit" enabled="false" />
      <control name="finish" enabled="false" />
      <control name="submitall" enabled="false" />
      <control name="resources" enabled="true" />
      <control name="glossary" enabled="false" />
      <control name="transcript" enabled="false" />
      <control name="outline" enabled="true">
        <controls>
          <control name="search" enabled="false" />
        </controls>
      </control>
      <control name="close_btn" enabled="true" />
    </control_layout>
    <control_layout name="pxabnsnfns00001100100">
      <control name="volume" enabled="true" />
      <control name="seekbar" enabled="false" />
      <control name="replay" enabled="false" />
      <control name="pauseplay" enabled="false" />
      <control name="logo" enabled="false" />
      <control name="previous" enabled="true" />
      <control name="next" enabled="true" />
      <control name="swipeleft" enabled="true" />
      <control name="swiperight" enabled="true" />
      <control name="fullScreenToggle" enabled="false" />
      <control name="playbackSpeedControl" enabled="false" />
      <control name="submit" enabled="false" />
      <control name="finish" enabled="false" />
      <control name="submitall" enabled="false" />
      <control name="resources" enabled="true" />
      <control name="glossary" enabled="false" />
      <control name="transcript" enabled="false" />
      <control name="outline" enabled="true">
        <controls>
          <control name="search" enabled="false" />
        </controls>
      </control>
      <control name="close_btn" enabled="false" />
    </control_layout>
  </control_layouts>
  <colorschemes>
    <colorscheme name="npnxnanbnsnfns00001100101">
      <color_group name="accessibility">
        <group_colors>
          <color name="focus_rect">
            <fill type="linear" rotation="90">
              <colors>
                <color rgb="0xFFFF00" alpha="100" stop="0" />
              </colors>
            </fill>
          </color>
          <color name="focus_rect_secondary">
            <fill type="linear" rotation="90">
              <colors>
                <color rgb="0x002060" alpha="100" stop="0" />
              </colors>
            </fill>
          </color>
        </group_colors>
      </color_group>
      <color_group name="HTML">
        <group_colors>
          <color name="htmlpage_bg_color">
            <fill type="linear" rotation="90">
              <colors>
                <color rgb="0x282828" alpha="100" stop="0" />
              </colors>
            </fill>
          </color>
          <color name="preloader">
            <fill type="linear" rotation="90">
              <colors>
                <color rgb="0xFFFFFF" alpha="100" stop="0" />
              </colors>
            </fill>
          </color>
        </group_colors>
      </color_group>
      <color_group name="infopanel">
        <group_colors>
          <color name="link_text">
            <fill type="linear" rotation="90">
              <colors>
                <color rgb="0xBABBBA" alpha="100" stop="0" />
              </colors>
            </fill>
          </color>
          <color name="link_hover">
            <fill type="linear" rotation="90">
              <colors>
                <color rgb="0xFFFFFF" alpha="100" stop="0" />
              </colors>
            </fill>
          </color>
          <color name="shadow">
            <fill type="linear" rotation="90">
              <colors>
                <color rgb="0x000000" alpha="0" stop="0" />
              </colors>
            </fill>
          </color>
          <color name="bg">
            <fill type="linear" rotation="90">
              <colors>
                <color rgb="0xFFFFFF" alpha="100" stop="0" />
              </colors>
            </fill>
          </color>
          <color name="name_text">
            <fill type="linear" rotation="90">
              <colors>
                <color rgb="0x444444" alpha="100" stop="0" />
              </colors>
            </fill>
          </color>
          <color name="title_text">
            <fill type="linear" rotation="90">
              <colors>
                <color rgb="0x999999" alpha="100" stop="0" />
              </colors>
            </fill>
          </color>
        </group_colors>
      </color_group>
      <color_group name="infopanelpopup">
        <group_colors>
          <color name="link_text">
            <fill type="linear" rotation="90">
              <colors>
                <color rgb="0xFF0000" alpha="100" stop="0" />
              </colors>
            </fill>
          </color>
          <color name="link_hover">
            <fill type="linear" rotation="90">
              <colors>
                <color rgb="0xFFFFFF" alpha="100" stop="0" />
              </colors>
            </fill>
          </color>
          <color name="bg">
            <fill type="linear" rotation="90">
              <colors>
                <color rgb="0x000000" alpha="0" stop="0" />
              </colors>
            </fill>
          </color>
          <color name="shadow">
            <fill type="linear" rotation="90">
              <colors>
                <color rgb="0x000000" alpha="0" stop="0" />
              </colors>
            </fill>
          </color>
          <color name="name_text">
            <fill type="linear" rotation="90">
              <colors>
                <color rgb="0xFFFFFF" alpha="100" stop="0" />
              </colors>
            </fill>
          </color>
          <color name="bio_text">
            <fill type="linear" rotation="90">
              <colors>
                <color rgb="0xBABBBA" alpha="100" stop="0" />
              </colors>
            </fill>
          </color>
        </group_colors>
      </color_group>
      <color_group name="timer">
        <group_colors>
          <color name="duration">
            <fill type="linear" rotation="90">
              <colors>
                <color rgb="0x3C3C3C" alpha="100" stop="0" />
              </colors>
            </fill>
          </color>
          <color name="elapsed">
            <fill type="linear" rotation="90">
              <colors>
                <color rgb="0xFEE347" alpha="100" stop="0" />
              </colors>
            </fill>
          </color>
          <color name="stroke">
            <fill type="linear" rotation="90">
              <colors>
                <color rgb="0xC7C7C7" alpha="100" stop="0" />
              </colors>
            </fill>
          </color>
          <color name="inner">
            <fill type="linear" rotation="90">
              <colors>
                <color rgb="0xFFFFFF" alpha="100" stop="0" />
              </colors>
            </fill>
          </color>
          <color name="text">
            <fill type="linear" rotation="90">
              <colors>
                <color rgb="0xBABBBA" alpha="100" stop="0" />
              </colors>
            </fill>
          </color>
        </group_colors>
      </color_group>
      <color_group name="window">
        <group_colors>
          <color name="text">
            <fill type="linear" rotation="90">
              <colors>
                <color rgb="0xF8F8F8" alpha="100" stop="0" />
              </colors>
            </fill>
          </color>
          <color name="btn_text">
            <fill type="linear" rotation="90">
              <colors>
                <color rgb="0xF8F8F8" alpha="100" stop="0" />
              </colors>
            </fill>
          </color>
          <color name="inner">
            <fill type="linear" rotation="90">
              <colors>
                <color rgb="0x316300" alpha="0" stop="0" />
              </colors>
            </fill>
          </color>
          <color name="bg">
            <fill type="linear" rotation="90">
              <colors>
                <color rgb="0x212121" alpha="100" stop="0" />
              </colors>
            </fill>
          </color>
          <color name="diva">
            <fill type="linear" rotation="90">
              <colors>
                <color rgb="0x4E4E4E" alpha="100" stop="0" />
              </colors>
            </fill>
          </color>
          <color name="divb">
            <fill type="linear" rotation="90">
              <colors>
                <color rgb="0x4E4E4E" alpha="0" stop="0" />
              </colors>
            </fill>
          </color>
          <color name="shadow">
            <fill type="linear" rotation="90">
              <colors>
                <color rgb="0x000000" alpha="20" stop="0" />
              </colors>
            </fill>
          </color>
          <color name="border">
            <fill type="linear" rotation="90">
              <colors>
                <color rgb="0x454545" alpha="100" stop="0" />
              </colors>
            </fill>
          </color>
          <color name="separator">
            <fill type="linear" rotation="90">
              <colors>
                <color rgb="0xFFFFFF" alpha="100" stop="0" />
              </colors>
            </fill>
          </color>
          <color name="selected_border">
            <fill type="linear" rotation="90">
              <colors>
                <color rgb="0xFFFFFF" alpha="100" stop="0" />
              </colors>
            </fill>
          </color>
        </group_colors>
      </color_group>
      <color_group name="editor">
        <group_colors>
          <color name="slide_text">
            <fill type="linear" rotation="90">
              <colors>
                <color rgb="0xE2E2E2" alpha="100" stop="0" />
              </colors>
            </fill>
          </color>
          <color name="html_text">
            <fill type="linear" rotation="90">
              <colors>
                <color rgb="0xBABBBA" alpha="100" stop="0" />
              </colors>
            </fill>
          </color>
          <color name="btn_text_shadow">
            <fill type="linear" rotation="90">
              <colors>
                <color rgb="0x000000" alpha="0" stop="0" />
              </colors>
            </fill>
          </color>
          <color name="btn_text">
            <fill type="linear" rotation="90">
              <colors>
                <color rgb="0xFFFFFF" alpha="100" stop="0" />
              </colors>
            </fill>
          </color>
          <color name="btn_border">
            <fill type="linear" rotation="90">
              <colors>
                <color rgb="0xD3D3D3" alpha="100" stop="0" />
              </colors>
            </fill>
          </color>
          <color name="btn_hover">
            <fill type="linear" rotation="90">
              <colors>
                <color rgb="0x444444" alpha="100" stop="0" />
              </colors>
            </fill>
          </color>
          <color name="btn_down">
            <fill type="linear" rotation="90">
              <colors>
                <color rgb="0x444444" alpha="100" stop="0" />
              </colors>
            </fill>
          </color>
          <color name="btn_bg">
            <fill type="linear" rotation="90">
              <colors>
                <color rgb="0x222222" alpha="100" stop="0" />
              </colors>
            </fill>
          </color>
        </group_colors>
      </color_group>
      <color_group name="listitem">
        <group_colors>
          <color name="scene_text">
            <fill type="linear" rotation="90">
              <colors>
                <color rgb="0xF8F8F8" alpha="100" stop="0" />
              </colors>
            </fill>
          </color>
          <color name="selected_text">
            <fill type="linear" rotation="90" />
          </color>
          <color name="shadow">
            <fill type="linear" rotation="90" />
          </color>
          <color name="selected">
            <fill type="linear" rotation="90" />
          </color>
          <color name="text">
            <fill type="linear" rotation="90">
              <colors>
                <color rgb="0xBABBBA" alpha="100" stop="0" />
              </colors>
            </fill>
          </color>
          <color name="viewed">
            <fill type="linear" rotation="90">
              <colors>
                <color rgb="0xBABBBA" alpha="100" stop="0" />
              </colors>
            </fill>
          </color>
          <color name="hover">
            <fill type="linear" rotation="90">
              <colors>
                <color rgb="0xFFFFFF" alpha="6" stop="0" />
              </colors>
            </fill>
          </color>
          <color name="lines">
            <fill type="linear" rotation="90" />
          </color>
          <color name="selected_hover_border">
            <fill type="linear" rotation="90">
              <colors>
                <color rgb="0x6C6C6C" alpha="100" stop="0" />
              </colors>
            </fill>
          </color>
        </group_colors>
      </color_group>
      <color_group name="glossary">
        <group_colors>
          <color name="selected_text">
            <fill type="linear" rotation="90">
              <colors>
                <color rgb="0xFFFFFF" alpha="100" stop="0" />
              </colors>
            </fill>
          </color>
          <color name="selected">
            <fill type="linear" rotation="90">
              <colors>
                <color rgb="0xFFFFFF" alpha="100" stop="0" />
              </colors>
            </fill>
          </color>
          <color name="text">
            <fill type="linear" rotation="90">
              <colors>
                <color rgb="0xBABBBA" alpha="100" stop="0" />
              </colors>
            </fill>
          </color>
          <color name="hover">
            <fill type="linear" rotation="90">
              <colors>
                <color rgb="0xBABBBA" alpha="100" stop="0" />
              </colors>
            </fill>
          </color>
          <color name="heading_text">
            <fill type="linear" rotation="90">
              <colors>
                <color rgb="0xF8F8F8" alpha="100" stop="0" />
              </colors>
            </fill>
          </color>
          <color name="diva">
            <fill type="linear" rotation="90">
              <colors>
                <color rgb="0x000000" alpha="0" stop="0" />
              </colors>
            </fill>
          </color>
          <color name="divb">
            <fill type="linear" rotation="90">
              <colors>
                <color rgb="0x000000" alpha="0" stop="0" />
              </colors>
            </fill>
          </color>
          <color name="divc">
            <fill type="linear" rotation="90">
              <colors>
                <color rgb="0x000000" alpha="0" stop="0" />
              </colors>
            </fill>
          </color>
          <color name="bg">
            <fill type="linear" rotation="90">
              <colors>
                <color rgb="0x000000" alpha="0" stop="0" />
              </colors>
            </fill>
          </color>
        </group_colors>
      </color_group>
      <color_group name="notes">
        <group_colors>
          <color name="text">
            <fill type="linear" rotation="90">
              <colors>
                <color rgb="0xBABBBA" alpha="100" stop="0" />
              </colors>
            </fill>
          </color>
        </group_colors>
      </color_group>
      <color_group name="resource">
        <group_colors>
          <color name="separator">
            <fill type="linear" rotation="90">
              <colors>
                <color rgb="0x000000" alpha="0" stop="0" />
              </colors>
            </fill>
          </color>
          <color name="hover">
            <fill type="linear" rotation="90">
              <colors>
                <color rgb="0xFFFFFF" alpha="6" stop="0" />
              </colors>
            </fill>
          </color>
        </group_colors>
      </color_group>
      <color_group name="outline">
        <group_colors>
          <color name="search_hover">
            <fill type="linear" rotation="90">
              <colors>
                <color rgb="0x000000" alpha="0" stop="0" />
              </colors>
            </fill>
          </color>
          <color name="search_text">
            <fill type="linear" rotation="90">
              <colors>
                <color rgb="0x2D2D2D" alpha="100" stop="0" />
              </colors>
            </fill>
          </color>
          <color name="divc">
            <fill type="linear" rotation="90">
              <colors>
                <color rgb="0x000000" alpha="0" stop="0" />
              </colors>
            </fill>
          </color>
          <color name="divb">
            <fill type="linear" rotation="90">
              <colors>
                <color rgb="0x000000" alpha="0" stop="0" />
              </colors>
            </fill>
          </color>
          <color name="diva">
            <fill type="linear" rotation="90">
              <colors>
                <color rgb="0x000000" alpha="0" stop="0" />
              </colors>
            </fill>
          </color>
        </group_colors>
      </color_group>
      <color_group name="transcript">
        <group_colors>
          <color name="heading_text">
            <fill type="linear" rotation="90">
              <colors>
                <color rgb="0xFFFFFF" alpha="100" stop="0" />
              </colors>
            </fill>
          </color>
          <color name="div">
            <fill type="linear" rotation="90">
              <colors>
                <color rgb="0x000000" alpha="0" stop="0" />
              </colors>
            </fill>
          </color>
        </group_colors>
      </color_group>
      <color_group name="tabs">
        <group_colors>
          <color name="shadow">
            <fill type="linear" rotation="90">
              <colors>
                <color rgb="0x000000" alpha="0" stop="0" />
              </colors>
            </fill>
          </color>
          <color name="hover">
            <fill type="linear" rotation="90">
              <colors>
                <color rgb="0xF8F8F8" alpha="100" stop="0" />
              </colors>
            </fill>
          </color>
          <color name="selected">
            <fill type="linear" rotation="90">
              <colors>
                <color rgb="0xF8F8F8" alpha="100" stop="0" />
              </colors>
            </fill>
          </color>
          <color name="text">
            <fill type="linear" rotation="90">
              <colors>
                <color rgb="0xBABBBA" alpha="100" stop="0" />
              </colors>
            </fill>
          </color>
          <color name="bg">
            <fill type="linear" rotation="90">
              <colors>
                <color rgb="0x000000" alpha="0" stop="0" />
              </colors>
            </fill>
          </color>
          <color name="panel_bg">
            <fill type="linear" rotation="90">
              <colors>
                <color rgb="0x212121" alpha="100" stop="0" />
              </colors>
            </fill>
          </color>
          <color name="bottom_border">
            <fill type="linear" rotation="90">
              <colors>
                <color rgb="0x6C6C6C" alpha="100" stop="0" />
              </colors>
            </fill>
          </color>
        </group_colors>
      </color_group>
      <color_group name="seekcontrol">
        <group_colors>
          <color name="btn_icon_color">
            <fill type="linear" rotation="90">
              <colors>
                <color rgb="0xB4B4B4" alpha="100" stop="0" />
              </colors>
            </fill>
          </color>
          <color name="seek_position">
            <fill type="linear" rotation="90">
              <colors>
                <color rgb="0xFFFFFF" alpha="60" stop="0" />
              </colors>
            </fill>
          </color>
          <color name="seek_bg">
            <fill type="linear" rotation="90">
              <colors>
                <color rgb="0x6C6C6C" alpha="100" stop="0" />
              </colors>
            </fill>
          </color>
          <color name="seek_border">
            <fill type="linear" rotation="90">
              <colors>
                <color rgb="0x000000" alpha="0" stop="0" />
              </colors>
            </fill>
          </color>
          <color name="border">
            <fill type="linear" rotation="90">
              <colors>
                <color rgb="0x000000" alpha="0" stop="0" />
              </colors>
            </fill>
          </color>
          <color name="bg">
            <fill type="linear" rotation="90">
              <colors>
                <color rgb="0x000000" alpha="0" stop="0" />
              </colors>
            </fill>
          </color>
          <color name="btn_icon_hover">
            <fill type="linear" rotation="90">
              <colors>
                <color rgb="0xFFFFFF" alpha="100" stop="0" />
              </colors>
            </fill>
          </color>
          <color name="btn_icon_shadow">
            <fill type="linear" rotation="90">
              <colors>
                <color rgb="0x000000" alpha="0" stop="0" />
              </colors>
            </fill>
          </color>
        </group_colors>
      </color_group>
      <color_group name="searchinput">
        <group_colors>
          <color name="text_active">
            <fill type="linear" rotation="90">
              <colors>
                <color rgb="0xF8F8F8" alpha="100" stop="0" />
              </colors>
            </fill>
          </color>
          <color name="bg_active">
            <fill type="linear" rotation="90">
              <colors>
                <color rgb="0x292929" alpha="100" stop="0" />
              </colors>
            </fill>
          </color>
          <color name="search_text">
            <fill type="linear" rotation="90">
              <colors>
                <color rgb="0xBABBBA" alpha="100" stop="0" />
              </colors>
            </fill>
          </color>
          <color name="hover_glow">
            <fill type="linear" rotation="90">
              <colors>
                <color rgb="0x457E13" alpha="0" stop="0" />
              </colors>
            </fill>
          </color>
          <color name="button_hover">
            <fill type="linear" rotation="90">
              <colors>
                <color rgb="0x3F8500" alpha="100" stop="0" />
              </colors>
            </fill>
          </color>
          <color name="icon">
            <fill type="linear" rotation="90">
              <colors>
                <color rgb="0xBABBBA" alpha="100" stop="0" />
              </colors>
            </fill>
          </color>
          <color name="border">
            <fill type="linear" rotation="90">
              <colors>
                <color rgb="0x000000" alpha="0" stop="0" />
              </colors>
            </fill>
          </color>
          <color name="outer_border">
            <fill type="linear" rotation="90">
              <colors>
                <color rgb="0x6C6C6C" alpha="100" stop="0" />
              </colors>
            </fill>
          </color>
          <color name="bg">
            <fill type="linear" rotation="90">
              <colors>
                <color rgb="0xFFFFFF" alpha="6" stop="0" />
              </colors>
            </fill>
          </color>
          <color name="bg_in_tab">
            <fill type="linear" rotation="90">
              <colors>
                <color rgb="0x545454" alpha="100" stop="0" />
              </colors>
            </fill>
          </color>
        </group_colors>
      </color_group>
      <color_group name="scrollarea">
        <group_colors>
          <color name="detailb">
            <fill type="linear" rotation="90">
              <colors>
                <color rgb="0x6AA242" alpha="100" stop="0" />
              </colors>
            </fill>
          </color>
          <color name="detaila">
            <fill type="linear" rotation="90">
              <colors>
                <color rgb="0x2A5400" alpha="100" stop="0" />
              </colors>
            </fill>
          </color>
          <color name="shadow">
            <fill type="linear" rotation="90">
              <colors>
                <color rgb="0x275000" alpha="100" stop="0" />
              </colors>
            </fill>
          </color>
          <color name="icons">
            <fill type="linear" rotation="90">
              <colors>
                <color rgb="0xFFFFFF" alpha="100" stop="0" />
              </colors>
            </fill>
          </color>
          <color name="button_border">
            <fill type="linear" rotation="90">
              <colors>
                <color rgb="0x2A5500" alpha="100" stop="0" />
              </colors>
            </fill>
          </color>
          <color name="button_inner">
            <fill type="linear" rotation="90">
              <colors>
                <color rgb="0x4B8A16" alpha="100" stop="0" />
              </colors>
            </fill>
          </color>
          <color name="button_bg">
            <fill type="linear" rotation="90">
              <colors>
                <color rgb="0xB3B4B3" alpha="75" stop="0" />
              </colors>
            </fill>
          </color>
          <color name="button_bg_hover">
            <fill type="linear" rotation="90">
              <colors>
                <color rgb="0xB3B4B3" alpha="75" stop="0" />
              </colors>
            </fill>
          </color>
          <color name="border">
            <fill type="linear" rotation="90">
              <colors>
                <color rgb="0x479901" alpha="100" stop="0" />
              </colors>
            </fill>
          </color>
          <color name="bg">
            <fill type="linear" rotation="0">
              <colors>
                <color rgb="0x366F00" alpha="100" stop="0" />
              </colors>
            </fill>
          </color>
        </group_colors>
      </color_group>
      <color_group name="menu">
        <group_colors>
          <color name="shadow">
            <fill type="linear" rotation="90">
              <colors>
                <color rgb="0x000000" alpha="0" stop="0" />
              </colors>
            </fill>
          </color>
          <color name="bg">
            <fill type="linear" rotation="90">
              <colors>
                <color rgb="0x212121" alpha="100" stop="0" />
              </colors>
            </fill>
          </color>
          <color name="generic_shadow">
            <fill type="linear" rotation="90">
              <colors>
                <color rgb="0x000000" alpha="94" stop="0" />
              </colors>
            </fill>
          </color>
          <color name="right_shadow">
            <fill type="linear" rotation="0">
              <colors>
                <color rgb="0x000000" alpha="0" stop="0" />
                <color rgb="0x000000" alpha="30" stop="255" />
              </colors>
            </fill>
          </color>
          <color name="border">
            <fill type="linear" rotation="90">
              <colors>
                <color rgb="0x454545" alpha="100" stop="0" />
              </colors>
            </fill>
          </color>
        </group_colors>
      </color_group>
      <color_group name="logo">
        <group_colors>
          <color name="shadow">
            <fill type="linear" rotation="90">
              <colors>
                <color rgb="0x254B00" alpha="100" stop="0" />
              </colors>
            </fill>
          </color>
          <color name="bg">
            <fill type="linear" rotation="90">
              <colors>
                <color rgb="0xFFFFFF" alpha="0" stop="0" />
              </colors>
            </fill>
          </color>
        </group_colors>
      </color_group>
      <color_group name="checkbox">
        <group_colors>
          <color name="hover">
            <fill type="linear" rotation="90">
              <colors>
                <color rgb="0xAFDD82" alpha="100" stop="0" />
              </colors>
            </fill>
          </color>
          <color name="text">
            <fill type="linear" rotation="90">
              <colors>
                <color rgb="0xFFFFFF" alpha="100" stop="0" />
              </colors>
            </fill>
          </color>
          <color name="check">
            <fill type="linear" rotation="90">
              <colors>
                <color rgb="0x2BC400" alpha="100" stop="0" />
              </colors>
            </fill>
          </color>
          <color name="bg">
            <fill type="linear" rotation="90">
              <colors>
                <color rgb="0xFFFFFF" alpha="100" stop="0" />
              </colors>
            </fill>
          </color>
          <color name="border">
            <fill type="linear" rotation="90">
              <colors>
                <color rgb="0x2A5300" alpha="100" stop="0" />
              </colors>
            </fill>
          </color>
        </group_colors>
      </color_group>
      <color_group name="button">
        <group_colors>
          <color name="btn_icon_color">
            <fill type="linear" rotation="90">
              <colors>
                <color rgb="0xBABBBA" alpha="100" stop="0" />
              </colors>
            </fill>
          </color>
          <color name="btn_text_shadow">
            <fill type="linear" rotation="90">
              <colors>
                <color rgb="0x000000" alpha="0" stop="0" />
              </colors>
            </fill>
          </color>
          <color name="btn_text">
            <fill type="linear" rotation="90">
              <colors>
                <color rgb="0xBABBBA" alpha="100" stop="0" />
              </colors>
            </fill>
          </color>
          <color name="btn_border">
            <fill type="linear" rotation="90">
              <colors>
                <color rgb="0x000000" alpha="0" stop="0" />
              </colors>
            </fill>
          </color>
          <color name="btn_hover">
            <fill type="linear" rotation="90">
              <colors>
                <color rgb="0xF8F8F8" alpha="100" stop="0" />
              </colors>
            </fill>
          </color>
          <color name="btn_down">
            <fill type="linear" rotation="90">
              <colors>
                <color rgb="0x000000" alpha="0" stop="0" />
              </colors>
            </fill>
          </color>
          <color name="btn_bg">
            <fill type="linear" rotation="90">
              <colors>
                <color rgb="0x000000" alpha="0" stop="0" />
              </colors>
            </fill>
          </color>
          <color name="btn_glow">
            <fill type="linear" rotation="90">
              <colors>
                <color rgb="0x000000" alpha="0" stop="0" />
              </colors>
            </fill>
          </color>
          <color name="btn_on_dark_background">
            <fill type="linear" rotation="90">
              <colors>
                <color rgb="0xBABBBA" alpha="100" stop="0" />
              </colors>
            </fill>
          </color>
          <color name="btn_on_dark_background_hover">
            <fill type="linear" rotation="90">
              <colors>
                <color rgb="0xF8F8F8" alpha="100" stop="0" />
              </colors>
            </fill>
          </color>
        </group_colors>
      </color_group>
      <color_group name="base">
        <group_colors>
          <color name="brandhighlight">
            <fill type="linear" rotation="90">
              <colors>
                <color rgb="0x4FBDF4" alpha="100" stop="0" />
              </colors>
            </fill>
          </color>
          <color name="brandhighlight_secondary">
            <fill type="linear" rotation="90">
              <colors>
                <color rgb="0xFFFFFF" alpha="100" stop="0" />
              </colors>
            </fill>
          </color>
          <color name="text">
            <fill type="linear" rotation="90">
              <colors>
                <color rgb="0xBABBBA" alpha="100" stop="0" />
              </colors>
            </fill>
          </color>
          <color name="text_hover">
            <fill type="linear" rotation="90">
              <colors>
                <color rgb="0xF8F8F8" alpha="100" stop="0" />
              </colors>
            </fill>
          </color>
          <color name="text_selected">
            <fill type="linear" rotation="90">
              <colors>
                <color rgb="0xF8F8F8" alpha="100" stop="0" />
              </colors>
            </fill>
          </color>
          <color name="diva">
            <fill type="linear" rotation="90">
              <colors>
                <color rgb="0x454545" alpha="100" stop="0" />
              </colors>
            </fill>
          </color>
          <color name="divb">
            <fill type="linear" rotation="90">
              <colors>
                <color rgb="0x000000" alpha="0" stop="0" />
              </colors>
            </fill>
          </color>
          <color name="menu_shade">
            <fill type="linear" rotation="90">
              <colors>
                <color rgb="0x212121" alpha="100" stop="0" />
              </colors>
            </fill>
          </color>
          <color name="border">
            <fill type="linear" rotation="90">
              <colors>
                <color rgb="0x282828" alpha="100" stop="0" />
              </colors>
            </fill>
          </color>
          <color name="bg">
            <fill type="linear" rotation="90">
              <colors>
                <color rgb="0x282828" alpha="100" stop="0" />
              </colors>
            </fill>
          </color>
          <color name="slide_bg">
            <fill type="linear" rotation="90">
              <colors>
                <color rgb="0x282828" alpha="100" stop="0" />
              </colors>
            </fill>
          </color>
          <color name="overlay_message">
            <fill type="linear" rotation="90">
              <colors>
                <color rgb="0x000000" alpha="85" stop="0" />
              </colors>
            </fill>
          </color>
          <color name="selected_bg">
            <fill type="linear" rotation="90">
              <colors>
                <color rgb="0xFFFFFF" alpha="6" stop="0" />
              </colors>
            </fill>
          </color>
          <color name="selected_border">
            <fill type="linear" rotation="90">
              <colors>
                <color rgb="0x6C6C6C" alpha="100" stop="0" />
              </colors>
            </fill>
          </color>
          <color name="separator">
            <fill type="linear" rotation="90">
              <colors>
                <color rgb="0x454545" alpha="100" stop="0" />
              </colors>
            </fill>
          </color>
          <color name="control_border">
            <fill type="linear" rotation="90">
              <colors>
                <color rgb="0x6C6C6C" alpha="100" stop="0" />
              </colors>
            </fill>
          </color>
        </group_colors>
      </color_group>
      <color_group name="settings">
        <group_colors>
          <color name="panel_bg">
            <fill type="linear" rotation="90">
              <colors>
                <color rgb="0x212121" alpha="100" stop="0" />
              </colors>
            </fill>
          </color>
          <color name="panel_shadow">
            <fill type="linear" rotation="90">
              <colors>
                <color rgb="0x000000" alpha="35" stop="0" />
              </colors>
            </fill>
          </color>
          <color name="toggle_border">
            <fill type="linear" rotation="90">
              <colors>
                <color rgb="0x7C7C7C" alpha="100" stop="0" />
              </colors>
            </fill>
          </color>
          <color name="toggle_thumb_off">
            <fill type="linear" rotation="90">
              <colors>
                <color rgb="0xA2A2A2" alpha="100" stop="0" />
              </colors>
            </fill>
          </color>
          <color name="toggle_track_on">
            <fill type="linear" rotation="90">
              <colors>
                <color rgb="0x4FBDF4" alpha="100" stop="0" />
              </colors>
            </fill>
          </color>
          <color name="toggle_track_off">
            <fill type="linear" rotation="90">
              <colors>
                <color rgb="0xFFFFFF" alpha="10" stop="0" />
              </colors>
            </fill>
          </color>
          <color name="toggle_label">
            <fill type="linear" rotation="90">
              <colors>
                <color rgb="0xBABBBA" alpha="100" stop="0" />
              </colors>
            </fill>
          </color>
          <color name="settings_border_color">
            <fill type="linear" rotation="90">
              <colors>
                <color rgb="0x454545" alpha="100" stop="0" />
              </colors>
            </fill>
          </color>
        </group_colors>
      </color_group>
      <color_group name="volume">
        <group_colors>
          <color name="panel_bg">
            <fill type="linear" rotation="90">
              <colors>
                <color rgb="0x212121" alpha="100" stop="0" />
              </colors>
            </fill>
          </color>
          <color name="thumb_border">
            <fill type="linear" rotation="90">
              <colors>
                <color rgb="0x2B5500" alpha="100" stop="0" />
              </colors>
            </fill>
          </color>
          <color name="thumb_inner">
            <fill type="linear" rotation="90">
              <colors>
                <color rgb="0x2B5500" alpha="100" stop="0" />
              </colors>
            </fill>
          </color>
          <color name="thumb_bg">
            <fill type="linear" rotation="90">
              <colors>
                <color rgb="0xFFFFFF" alpha="100" stop="0" />
              </colors>
            </fill>
          </color>
          <color name="slider_border">
            <fill type="linear" rotation="90">
              <colors>
                <color rgb="0x428C01" alpha="100" stop="0" />
              </colors>
            </fill>
          </color>
          <color name="slider_bg">
            <fill type="linear" rotation="0">
              <colors>
                <color rgb="0x6C6C6C" alpha="100" stop="0" />
              </colors>
            </fill>
          </color>
          <color name="slider_shadow">
            <fill type="linear" rotation="90">
              <colors>
                <color rgb="0x000000" alpha="40" stop="0" />
              </colors>
            </fill>
          </color>
          <color name="volume_border_color">
            <fill type="linear" rotation="90">
              <colors>
                <color rgb="0x454545" alpha="100" stop="0" />
              </colors>
            </fill>
          </color>
        </group_colors>
      </color_group>
    </colorscheme>
  </colorschemes>
  <string_tables>
    <string_table name="npnxnanbnsnfns00001100101">
      <string id="three_image_progress_audio">progress</string>
      <string id="three_image_audio">audio</string>
      <string id="three_image_camera_down">camera moved down</string>
      <string id="three_image_camera_left">camera moved left</string>
      <string id="three_image_camera_right">camera moved right</string>
      <string id="three_image_camera_up">camera moved up</string>
      <string id="three_image_interaction_free">free exploration mode</string>
      <string id="three_image_interaction_guided">guided tour mode</string>
      <string id="three_image_hotspot">hotspot</string>
      <string id="progress_hour">hour</string>
      <string id="progress_hours">hours</string>
      <string id="three_image_instructions">Use the w, a, s, and d keys to move around the 360 degree image. Press the tab key to jump to interactive markers and hotspots.</string>
      <string id="three_image_interaction">360 degree image interaction</string>
      <string id="three_image_label">label</string>
      <string id="three_image_marker">marker</string>
      <string id="progress_minute">minute</string>
      <string id="progress_minutes">minutes</string>
      <string id="three_image_interaction_next">next</string>
      <string id="three_image_pause_audio">pause audio</string>
      <string id="three_image_pause_video">pause video</string>
      <string id="three_image_play_audio">play audio</string>
      <string id="three_image_play_video">play video</string>
      <string id="three_image_interaction_prev">previous</string>
      <string id="progress_second">second</string>
      <string id="progress_seconds">seconds</string>
      <string id="three_image_count_of_total">%count% of %total%</string>
      <string id="acc_three_image_step_count_of_total">step %count% of %total%</string>
      <string id="three_image_tooltip">tooltip</string>
      <string id="three_image_total_items">%total% items</string>
      <string id="three_image_total_item">%total% item</string>
      <string id="three_image_progress_video">progress</string>
      <string id="three_image_video">video</string>
      <string id="three_image_video_volume">video volume</string>
      <string id="acc_three_image_count_of_total_items_visited">%count% of %total% items visited</string>
      <string id="acc_three_image_count_of_total_item_visited">%count% of %total% item visited</string>
      <string id="three_image_count_of_total_visited">%count% of %total% visited</string>
      <string id="accessible_text">Accessible text</string>
      <string id="background_audio">Background audio</string>
      <string id="keyboardshortcuts_lower">Keyboard shortcuts</string>
      <string id="zoom_to_fit">Zoom to fit</string>
      <string id="modern_video_settings_close">close video settings</string>
      <string id="acc_modern_video_fullscreen">full-screen video</string>
      <string id="modern_video_playback_settings">Video Playback Settings</string>
      <string id="modern_video_captions_off">Off</string>
      <string id="modern_video_captions_on">On</string>
      <string id="modern_video_captions_label">Captions</string>
      <string id="acc_modern_video_settings">video settings</string>
      <string id="acc_modern_video_mute">mute video</string>
      <string id="modern_video_normal_speed">Normal</string>
      <string id="acc_modern_video_pause">pause video</string>
      <string id="acc_modern_video_pip">picture-in-picture</string>
      <string id="acc_modern_video_play">play video</string>
      <string id="modern_video_playback_speed_title">Playback Speed</string>
      <string id="acc_modern_video_captions">video captions</string>
      <string id="acc_modern_video_playback_speed">playback speed</string>
      <string id="acc_modern_video_volume">video volume</string>
      <string id="closed_captions">Captions</string>
      <string id="continueresponsive">Continue</string>
      <string id="next">NEXT</string>
      <string id="prev">PREV</string>
      <string id="submit">SUBMIT</string>
      <string id="playback_speed_title">Playback Speed</string>
      <string id="playback_speed_normal">Normal</string>
      <string id="continue">Continue</string>
      <string id="glossary">Glossary</string>
      <string id="terms">Terms</string>
      <string id="action">Action</string>
      <string id="alt_key">Alt</string>
      <string id="ctrl_key">Ctrl</string>
      <string id="keyboardshortcuts">Keyboard Shortcuts</string>
      <string id="enable_keyboardshortcuts">Enable keyboard shortcuts</string>
      <string id="shortcuthelp">List keyboard shortcuts</string>
      <string id="mute_shortcut">Mute / unmute</string>
      <string id="next_shortcut">Next</string>
      <string id="playpause_shortcut">Play / pause</string>
      <string id="previous_shortcut">Previous</string>
      <string id="replay_shortcut">Replay</string>
      <string id="shift_key">Shift</string>
      <string id="shortcut">Shortcut</string>
      <string id="submit_shortcut">Submit</string>
      <string id="acctext_shortcut">Toggle accessible text</string>
      <string id="background_audio_shortcut">Toggle background audio</string>
      <string id="closedcaptions_shortcut">Toggle captions</string>
      <string id="fullscreen_shortcut">Toggle full-screen</string>
      <string id="togglezoom">Toggle zoom to fit</string>
      <string id="outline">Menu</string>
      <string id="transcript">Notes</string>
      <string id="disabled_orientation">Please rotate your device</string>
      <string id="resources">Resources</string>
      <string id="restart">Restart</string>
      <string id="resume">Resume</string>
      <string id="close">Close</string>
      <string id="acc_locked">locked</string>
      <string id="acc_next">Next (Ctrl+Alt+Period)</string>
      <string id="acc_previous">Previous (Ctrl+Alt+Comma)</string>
      <string id="acc_search_input">search</string>
      <string id="sidebar_toggle">Sidebar Toggle</string>
      <string id="acc_skipnavigation">Back to top</string>
      <string id="acc_slide_progress">slide progress</string>
      <string id="desktop_start">Start Course</string>
      <string id="mobile_start">Start Course</string>
      <string id="acc_visited">visited</string>
      <string id="clear">Clear and return to menu</string>
      <string id="search_in">Search in:</string>
      <string id="filter">Filter</string>
      <string id="search">Search...</string>
      <string id="transcript_chk">Notes</string>
      <string id="search_results">Search Results</string>
      <string id="slide_text_chk">Slide Text</string>
      <string id="streaming_video_local_playback_learn_more">Learn More</string>
      <string id="streaming_video_local_playback_republish">To watch this video, use the preview feature in Storyline 360, upload your published output to a server, publish to Review 360, or switch to static video quality.</string>
      <string id="streaming_video_local_playback_title">Streaming video is unavailable for local playback.</string>
      <string id="acc_cc_hide">Hide captions (Ctrl+Alt+C)</string>
      <string id="acc_cc_show">Show captions (Ctrl+Alt+C)</string>
      <string id="acc_enter_fullscreen">Enter full-screen (Ctrl+Alt+F)</string>
      <string id="acc_exit_fullscreen">Exit full-screen (Ctrl+Alt+F)</string>
      <string id="acc_mute">Mute (Ctrl+Alt+M)</string>
      <string id="acc_next_visual">Next (Ctrl+Alt+.)</string>
      <string id="acc_pause">Pause (Ctrl+Alt+P)</string>
      <string id="acc_play">Play (Ctrl+Alt+P)</string>
      <string id="acc_playback_speed">Playback speed</string>
      <string id="acc_previous_visual">Previous (Ctrl+Alt+,)</string>
      <string id="acc_replay">Replay (Ctrl+Alt+R)</string>
      <string id="search_toggle">Search</string>
      <string id="acc_settings">Settings</string>
      <string id="acc_submit">Submit (Ctrl+Alt+S)</string>
      <string id="acc_unmute">Unmute (Ctrl+Alt+M)</string>
      <string id="transcript_auto_scroll">Autoscroll</string>
      <string id="acc_window_close">Close</string>
      <string id="acc_video_transcript_list">Transcipt</string>
      <string id="acc_window_move">Move window</string>
      <string id="acc_modern_video_transcript">Open</string>
      <string id="acc_window_resize">Resize window</string>
      <string id="video_transcript_resume_autoscroll">Resume autoscroll</string>
      <string id="video_transcript_select_track">Select track</string>
      <string id="transcript_show_timestamp">Show timestamps</string>
      <string id="video_transcript_title">Transcripts</string>
      <string id="acc_window_options">Options</string>
    </string_table>
  </string_tables>
  <fonts>
    <font name="Lato">
      <files>
        <file bold="true" italic="false" />
        <file bold="false" italic="false" />
      </files>
    </font>
  </fonts>
  <sounds enabled="true" />
  <nav_data>
    <outline>
      <links>
        <slidelink slideid="_player.6It2vJ5G4ut" displaytext="Introduction to Word_B2_C3" expand="true" type="slide">
          <links>
            <slidelink slideid="_player.6It2vJ5G4ut.6i4jVIewatL" displaytext="Welcome" expand="false" type="slide" />
            <slidelink slideid="_player.6It2vJ5G4ut.6cb7hrDyKqL" displaytext="Computer" expand="false" type="slide" />
            <slidelink slideid="_player.6It2vJ5G4ut.68SdVTVPQQn" displaytext="Student Details" expand="false" type="slide" />
            <slidelink slideid="_player.6It2vJ5G4ut.5iq2P75Yyui" displaytext="LEARNING OUTCOMES" expand="false" type="slide" />
            <slidelink slideid="_player.6It2vJ5G4ut.6gj33NG7Lj3" displaytext="Topics" expand="false" type="slide" />
            <slidelink slideid="_player.6It2vJ5G4ut.6JfGvwy4Cpz" displaytext="Starting Word 2019" expand="false" type="slide" />
            <slidelink slideid="_player.6It2vJ5G4ut.5sSNvSJfHRp" displaytext="Entering Text" expand="false" type="slide" />
            <slidelink slideid="_player.6It2vJ5G4ut.5Xx4YR2gttU" displaytext="Components of Word 2019 Window" expand="false" type="slide" />
            <slidelink slideid="_player.6It2vJ5G4ut.6K2gKcpy80d" displaytext="Saving a Document" expand="false" type="slide" />
            <slidelink slideid="_player.6It2vJ5G4ut.5z4VDylTIn0" displaytext="Exiting Word" expand="false" type="slide" />
            <slidelink slideid="_player.6It2vJ5G4ut.68QyDB2ugHh" displaytext="Closing a Document" expand="false" type="slide" />
            <slidelink slideid="_player.6It2vJ5G4ut.6n0GW16VFOG" displaytext="Opening an Existing Document" expand="false" type="slide" />
            <slidelink slideid="_player.6It2vJ5G4ut.67jn7gffdb9" displaytext="Printing a Document" expand="false" type="slide" />
          </links>
        </slidelink>
        <slidelink slideid="_player.5oJVvvlJwsJ" displaytext="1.View_Starting Word" expand="true" type="slide">
          <links>
            <slidelink slideid="_player.5oJVvvlJwsJ.5aGmrZ3D7tt" displaytext="Click DesktopWindowXamlSource" expand="false" type="slide" />
            <slidelink slideid="_player.5oJVvvlJwsJ.6Wd4hjRTBdN" displaytext="Click the All apps button" expand="false" type="slide" />
            <slidelink slideid="_player.5oJVvvlJwsJ.5lQhvqSMUc9" displaytext="Click and drag" expand="false" type="slide" />
            <slidelink slideid="_player.5oJVvvlJwsJ.6WzNYWoBWfz" displaytext="Click the Word list item" expand="false" type="slide" />
            <slidelink slideid="_player.5oJVvvlJwsJ.6GBJy1Ixzpq" displaytext="Click the Blank document list item" expand="false" type="slide" />
            <slidelink slideid="_player.5oJVvvlJwsJ.6V6AJSk5Jzq" displaytext="Click Microsoft Word Document" expand="false" type="slide" />
          </links>
        </slidelink>
        <slidelink slideid="_player.6eDqG9Vdcam" displaytext="1.Try_Starting Word" expand="true" type="slide">
          <links>
            <slidelink slideid="_player.6eDqG9Vdcam.6RyNoLDC0Gg" displaytext="Click DesktopWindowXamlSource" expand="false" type="slide" />
            <slidelink slideid="_player.6eDqG9Vdcam.6hrwXRgCgMU" displaytext="Click the All apps button" expand="false" type="slide" />
            <slidelink slideid="_player.6eDqG9Vdcam.6qVqQrhnBmT" displaytext="Click and drag" expand="false" type="slide" />
            <slidelink slideid="_player.6eDqG9Vdcam.6bTeiOathM2" displaytext="Click the Word list item" expand="false" type="slide" />
            <slidelink slideid="_player.6eDqG9Vdcam.5ZcLgDq2M2s" displaytext="Click the Blank document list item" expand="false" type="slide" />
            <slidelink slideid="_player.6eDqG9Vdcam.68A7DzwrIuk" displaytext="Click Microsoft Word Document" expand="false" type="slide" />
          </links>
        </slidelink>
        <slidelink slideid="_player.5xzK1nhsfHS" displaytext="1.Test_Starting Word" expand="true" type="slide">
          <links>
            <slidelink slideid="_player.5xzK1nhsfHS.6nSqzD4uRNf" displaytext="Hotspot" expand="false" type="slide" />
            <slidelink slideid="_player.5xzK1nhsfHS.5he4FjZsitK" displaytext="Hotspot" expand="false" type="slide" />
            <slidelink slideid="_player.5xzK1nhsfHS.69batD1Gp5k" displaytext="Untitled Slide" expand="false" type="slide" />
            <slidelink slideid="_player.5xzK1nhsfHS.6bSAf3NyOK3" displaytext="Hotspot" expand="false" type="slide" />
            <slidelink slideid="_player.5xzK1nhsfHS.68QJq7UVJYl" displaytext="Hotspot" expand="false" type="slide" />
            <slidelink slideid="_player.5xzK1nhsfHS.6ot16geaaXp" displaytext="Click Microsoft Word Document" expand="false" type="slide" />
          </links>
        </slidelink>
        <slidelink slideid="_player.6fScENiJYJ7" displaytext="2.View_Components of Word 2019 Window" expand="true" type="slide">
          <links>
            <slidelink slideid="_player.6fScENiJYJ7.6XSBZTzqIPo" displaytext="Click Microsoft Word Document" expand="false" type="slide" />
          </links>
        </slidelink>
        <slidelink slideid="_player.5qhTp8IQsz3" displaytext="2.Try_Components of Word 2019 Window" expand="true" type="slide">
          <links>
            <slidelink slideid="_player.5qhTp8IQsz3.5d4buA0HW6X" displaytext="Click Microsoft Word Document" expand="false" type="slide" />
          </links>
        </slidelink>
        <slidelink slideid="_player.6bqXp513ewx" displaytext="3.View_Entering Text" expand="true" type="slide">
          <links>
            <slidelink slideid="_player.6bqXp513ewx.6fUhu5hab1W" displaytext="Click Microsoft Word Document" expand="false" type="slide" />
            <slidelink slideid="_player.6bqXp513ewx.6D5k7U8oHC5" displaytext="Type Dear mom," expand="false" type="slide" />
            <slidelink slideid="_player.6bqXp513ewx.5eDhwmUTyUK" displaytext="Click and drag" expand="false" type="slide" />
            <slidelink slideid="_player.6bqXp513ewx.6g4fnIngkOW" displaytext="Click the Bold button" expand="false" type="slide" />
            <slidelink slideid="_player.6bqXp513ewx.5j0itBjyvsp" displaytext="Click the Close button" expand="false" type="slide" />
            <slidelink slideid="_player.6bqXp513ewx.5lEZCMq1fMe" displaytext="Click the 26 list item" expand="false" type="slide" />
            <slidelink slideid="_player.6bqXp513ewx.6ZQy0w3KUFD" displaytext="Press Enter + Enter" expand="false" type="slide" />
            <slidelink slideid="_player.6bqXp513ewx.5mDzRXpGtSo" displaytext="Click Microsoft Word Document" expand="false" type="slide" />
            <slidelink slideid="_player.6bqXp513ewx.5pTk1yj5lSl" displaytext="Type We are thrilled to invite you to the most exciting dance competition in our school." expand="false" type="slide" />
            <slidelink slideid="_player.6bqXp513ewx.5XZ0c87cFFH" displaytext="Click and drag" expand="false" type="slide" />
            <slidelink slideid="_player.6bqXp513ewx.5qYPqVsNW8h" displaytext="Click the Bold button" expand="false" type="slide" />
            <slidelink slideid="_player.6bqXp513ewx.6LyCgLfk76I" displaytext="Click Microsoft Word Document" expand="false" type="slide" />
            <slidelink slideid="_player.6bqXp513ewx.6X8tsVXdamn" displaytext="Press Enter" expand="false" type="slide" />
            <slidelink slideid="_player.6bqXp513ewx.6Hgo36qgLjI" displaytext="Click Microsoft Word Document" expand="false" type="slide" />
            <slidelink slideid="_player.6bqXp513ewx.6gMv1ovizZZ" displaytext="Type Please join us on Sunday for the dance competition." expand="false" type="slide" />
            <slidelink slideid="_player.6bqXp513ewx.5x2uC34Z69Q" displaytext="Click Microsoft Word Document" expand="false" type="slide" />
            <slidelink slideid="_player.6bqXp513ewx.62QIENWzVi7" displaytext="Press Enter" expand="false" type="slide" />
            <slidelink slideid="_player.6bqXp513ewx.64sf0DCuKh3" displaytext="Click Microsoft Word Document" expand="false" type="slide" />
            <slidelink slideid="_player.6bqXp513ewx.6B9S4ZvkQnj" displaytext="Type I would be so happy to see you there." expand="false" type="slide" />
            <slidelink slideid="_player.6bqXp513ewx.5ihZGu1dEpR" displaytext="Click and drag" expand="false" type="slide" />
            <slidelink slideid="_player.6bqXp513ewx.5eJftI87GhD" displaytext="Click Microsoft Word Document" expand="false" type="slide" />
            <slidelink slideid="_player.6bqXp513ewx.5Y266hlKGNy" displaytext="Type Love,&#xD;&#xA;Khushvi" expand="false" type="slide" />
            <slidelink slideid="_player.6bqXp513ewx.6GJycpXkI6M" displaytext="Type Love,&#xD;&#xA;Khushvi" expand="false" type="slide" />
            <slidelink slideid="_player.6bqXp513ewx.5qDxD4SGPzW" displaytext="Type Love,&#xD;&#xA;Khushvi" expand="false" type="slide" />
          </links>
        </slidelink>
        <slidelink slideid="_player.6KpqRZF0gBP" displaytext="3.Try_Entering Text" expand="true" type="slide">
          <links>
            <slidelink slideid="_player.6KpqRZF0gBP.5apmUPuTKvk" displaytext="Click Microsoft Word Document" expand="false" type="slide" />
            <slidelink slideid="_player.6KpqRZF0gBP.6HUTN4AYdb0" displaytext="Type Dear mom," expand="false" type="slide" />
            <slidelink slideid="_player.6KpqRZF0gBP.6kB6K3eQxiZ" displaytext="Click and drag" expand="false" type="slide" />
            <slidelink slideid="_player.6KpqRZF0gBP.5vKqihEiAuP" displaytext="Click the Bold button" expand="false" type="slide" />
            <slidelink slideid="_player.6KpqRZF0gBP.6AX7OIeTGGC" displaytext="Click the Close button" expand="false" type="slide" />
            <slidelink slideid="_player.6KpqRZF0gBP.63O2x9ps0Zc" displaytext="Click the 26 list item" expand="false" type="slide" />
            <slidelink slideid="_player.6KpqRZF0gBP.6g9liXQDyeo" displaytext="Press Enter + Enter" expand="false" type="slide" />
            <slidelink slideid="_player.6KpqRZF0gBP.5e19JH8OHNK" displaytext="Click Microsoft Word Document" expand="false" type="slide" />
            <slidelink slideid="_player.6KpqRZF0gBP.60YmwyJ2sTD" displaytext="Type We are thrilled to invite you to the most exciting dance competition in our school." expand="false" type="slide" />
            <slidelink slideid="_player.6KpqRZF0gBP.5go8OIuP46E" displaytext="Click and drag" expand="false" type="slide" />
            <slidelink slideid="_player.6KpqRZF0gBP.5tcYHIxxVSC" displaytext="Click the Bold button" expand="false" type="slide" />
            <slidelink slideid="_player.6KpqRZF0gBP.6Prjyc4ngeI" displaytext="Click Microsoft Word Document" expand="false" type="slide" />
            <slidelink slideid="_player.6KpqRZF0gBP.6QbpAHDrGcS" displaytext="Press Enter" expand="false" type="slide" />
            <slidelink slideid="_player.6KpqRZF0gBP.5dOyH2MTQB0" displaytext="Click Microsoft Word Document" expand="false" type="slide" />
            <slidelink slideid="_player.6KpqRZF0gBP.6ow38NvDKhO" displaytext="Type Please join us on Sunday for the dance competition." expand="false" type="slide" />
            <slidelink slideid="_player.6KpqRZF0gBP.6ZBlS7Ki39L" displaytext="Click Microsoft Word Document" expand="false" type="slide" />
            <slidelink slideid="_player.6KpqRZF0gBP.6TWQUac2oXv" displaytext="Press Enter" expand="false" type="slide" />
            <slidelink slideid="_player.6KpqRZF0gBP.6N1zQUsp7WB" displaytext="Click Microsoft Word Document" expand="false" type="slide" />
            <slidelink slideid="_player.6KpqRZF0gBP.5ZCXB1rbzkH" displaytext="Type I would be so happy to see you there." expand="false" type="slide" />
            <slidelink slideid="_player.6KpqRZF0gBP.5pbXGmI6WDm" displaytext="Click and drag" expand="false" type="slide" />
            <slidelink slideid="_player.6KpqRZF0gBP.6cIzKMUckvA" displaytext="Click Microsoft Word Document" expand="false" type="slide" />
            <slidelink slideid="_player.6KpqRZF0gBP.6Xi1xSVAB1y" displaytext="Type Love," expand="false" type="slide" />
            <slidelink slideid="_player.6KpqRZF0gBP.5hySHsztYrK" displaytext="Khushvi" expand="false" type="slide" />
            <slidelink slideid="_player.6KpqRZF0gBP.6YFJnU7IIQl" displaytext="Type Love,&#xD;&#xA;Khushvi" expand="false" type="slide" />
          </links>
        </slidelink>
        <slidelink slideid="_player.68j2uyYWOBd" displaytext="3.Test_Entering Text" expand="true" type="slide">
          <links>
            <slidelink slideid="_player.68j2uyYWOBd.5yqwetTf0bS" displaytext="Hotspot" expand="false" type="slide" />
            <slidelink slideid="_player.68j2uyYWOBd.5XWgnsEucfs" displaytext="Text Entry" expand="false" type="slide" />
            <slidelink slideid="_player.68j2uyYWOBd.6gM3wDXkLlt" displaytext="Untitled Slide" expand="false" type="slide" />
            <slidelink slideid="_player.68j2uyYWOBd.6WHq2eHVfUz" displaytext="Hotspot" expand="false" type="slide" />
            <slidelink slideid="_player.68j2uyYWOBd.5gVZwcdZYhf" displaytext="Hotspot" expand="false" type="slide" />
            <slidelink slideid="_player.68j2uyYWOBd.66MfbhCSzvx" displaytext="Hotspot" expand="false" type="slide" />
            <slidelink slideid="_player.68j2uyYWOBd.5wW8YCQSiuo" displaytext="Shortcut Key" expand="false" type="slide" />
            <slidelink slideid="_player.68j2uyYWOBd.6VLIfyFtfLg" displaytext="Hotspot" expand="false" type="slide" />
            <slidelink slideid="_player.68j2uyYWOBd.5XlUlqjrlgV" displaytext="Text Entry" expand="false" type="slide" />
            <slidelink slideid="_player.68j2uyYWOBd.5oQFro4RQn4" displaytext="Untitled Slide" expand="false" type="slide" />
            <slidelink slideid="_player.68j2uyYWOBd.5mZYNnh1PlG" displaytext="Hotspot" expand="false" type="slide" />
            <slidelink slideid="_player.68j2uyYWOBd.6D2jlVKeZgg" displaytext="Hotspot" expand="false" type="slide" />
            <slidelink slideid="_player.68j2uyYWOBd.5Wpphgp8EWe" displaytext="Shortcut Key" expand="false" type="slide" />
            <slidelink slideid="_player.68j2uyYWOBd.69ppdLIvDVw" displaytext="Hotspot" expand="false" type="slide" />
            <slidelink slideid="_player.68j2uyYWOBd.6AjksiAV9yR" displaytext="Text Entry" expand="false" type="slide" />
            <slidelink slideid="_player.68j2uyYWOBd.5wydb3uDc5W" displaytext="Hotspot" expand="false" type="slide" />
            <slidelink slideid="_player.68j2uyYWOBd.6DInrRhGJ4e" displaytext="Shortcut Key" expand="false" type="slide" />
            <slidelink slideid="_player.68j2uyYWOBd.6ERVgGa1w28" displaytext="Hotspot" expand="false" type="slide" />
            <slidelink slideid="_player.68j2uyYWOBd.6R9Wd1bLd2R" displaytext="Text Entry" expand="false" type="slide" />
            <slidelink slideid="_player.68j2uyYWOBd.6bSc4h7uyyS" displaytext="Text Entry" expand="false" type="slide" />
            <slidelink slideid="_player.68j2uyYWOBd.6k6UoMJP6N8" displaytext="Text Entry" expand="false" type="slide" />
            <slidelink slideid="_player.68j2uyYWOBd.5vN8H30HfKI" displaytext="Text Entry" expand="false" type="slide" />
          </links>
        </slidelink>
        <slidelink slideid="_player.6aKhSTCxUjf" displaytext="4.View_Saving a Document" expand="true" type="slide">
          <links>
            <slidelink slideid="_player.6aKhSTCxUjf.6BvF9sQAYCI" displaytext="Click the File Tab button" expand="false" type="slide" />
            <slidelink slideid="_player.6aKhSTCxUjf.5yKrZGTuOGq" displaytext="Click the Save list item" expand="false" type="slide" />
            <slidelink slideid="_player.6aKhSTCxUjf.62MczP6cDLx" displaytext="Click the Browse button" expand="false" type="slide" />
            <slidelink slideid="_player.6aKhSTCxUjf.6nop7zdV1B3" displaytext="Click the Start of Quick Access - Desktop (pinned) tree view item" expand="false" type="slide" />
            <slidelink slideid="_player.6aKhSTCxUjf.6KQoEMwLurC" displaytext="Double-Click the text box" expand="false" type="slide" />
            <slidelink slideid="_player.6aKhSTCxUjf.6r4C1Zb42fv" displaytext="Click the text box" expand="false" type="slide" />
            <slidelink slideid="_player.6aKhSTCxUjf.6WLFSTpSCfz" displaytext="Type Invitation" expand="false" type="slide" />
            <slidelink slideid="_player.6aKhSTCxUjf.6Gsmi0NrA8Q" displaytext="Click the Save button" expand="false" type="slide" />
            <slidelink slideid="_player.6aKhSTCxUjf.6lTidkP7rdo" displaytext="Click Microsoft Word Document" expand="false" type="slide" />
          </links>
        </slidelink>
        <slidelink slideid="_player.6Wn1MlzsllJ" displaytext="4.Try_Saving a Document" expand="true" type="slide">
          <links>
            <slidelink slideid="_player.6Wn1MlzsllJ.6oiffVdScdO" displaytext="Click the File Tab button" expand="false" type="slide" />
            <slidelink slideid="_player.6Wn1MlzsllJ.6WO3Ps7i0P7" displaytext="Click the Save list item" expand="false" type="slide" />
            <slidelink slideid="_player.6Wn1MlzsllJ.5ljDtezkYEy" displaytext="Click the Browse button" expand="false" type="slide" />
            <slidelink slideid="_player.6Wn1MlzsllJ.6GKBOpPNiiH" displaytext="Click the Start of Quick Access - Desktop (pinned) tree view item" expand="false" type="slide" />
            <slidelink slideid="_player.6Wn1MlzsllJ.6J8ZjZlMBsc" displaytext="Double-Click the text box" expand="false" type="slide" />
            <slidelink slideid="_player.6Wn1MlzsllJ.5eClrKd4i37" displaytext="Click the text box" expand="false" type="slide" />
            <slidelink slideid="_player.6Wn1MlzsllJ.6lRSTvOrYWh" displaytext="Type Invitation" expand="false" type="slide" />
            <slidelink slideid="_player.6Wn1MlzsllJ.6ZCMkKdeM7j" displaytext="Click the Save button" expand="false" type="slide" />
            <slidelink slideid="_player.6Wn1MlzsllJ.6pMfkIsTcGi" displaytext="Click Microsoft Word Document" expand="false" type="slide" />
          </links>
        </slidelink>
        <slidelink slideid="_player.6DF21PSG9pR" displaytext="4.Test_Saving a Document" expand="true" type="slide">
          <links>
            <slidelink slideid="_player.6DF21PSG9pR.68ks00sJ0s7" displaytext="Hotspot" expand="false" type="slide" />
            <slidelink slideid="_player.6DF21PSG9pR.5eGEdZyhvB2" displaytext="Hotspot" expand="false" type="slide" />
            <slidelink slideid="_player.6DF21PSG9pR.6CWDfA8Hm2f" displaytext="Hotspot" expand="false" type="slide" />
            <slidelink slideid="_player.6DF21PSG9pR.5moymIGmHci" displaytext="Hotspot" expand="false" type="slide" />
            <slidelink slideid="_player.6DF21PSG9pR.5tr5XFqWxKo" displaytext="Hotspot" expand="false" type="slide" />
            <slidelink slideid="_player.6DF21PSG9pR.67ck9MNAB2N" displaytext="Hotspot" expand="false" type="slide" />
            <slidelink slideid="_player.6DF21PSG9pR.6VBtWFY4rap" displaytext="Text Entry" expand="false" type="slide" />
            <slidelink slideid="_player.6DF21PSG9pR.652f2nMxSCu" displaytext="Hotspot" expand="false" type="slide" />
            <slidelink slideid="_player.6DF21PSG9pR.6ZW3V2QIISX" displaytext="Hotspot" expand="false" type="slide" />
          </links>
        </slidelink>
        <slidelink slideid="_player.5dFF49kRqdj" displaytext="5.View_Closing a Document" expand="true" type="slide">
          <links>
            <slidelink slideid="_player.5dFF49kRqdj.5ee0tJkUR8D" displaytext="Click the Back list item" expand="false" type="slide" />
            <slidelink slideid="_player.5dFF49kRqdj.6LDxpKNluRl" displaytext="Click the Close list item" expand="false" type="slide" />
            <slidelink slideid="_player.5dFF49kRqdj.6hhacO5RB6A" displaytext="Click the panel" expand="false" type="slide" />
          </links>
        </slidelink>
        <slidelink slideid="_player.5u67VOEi9KZ" displaytext="5.Try_Closing a Document" expand="true" type="slide">
          <links>
            <slidelink slideid="_player.5u67VOEi9KZ.6PANb7f4LW4" displaytext="Click the Back list item" expand="false" type="slide" />
            <slidelink slideid="_player.5u67VOEi9KZ.5xt9s1lRavr" displaytext="Click the Close list item" expand="false" type="slide" />
            <slidelink slideid="_player.5u67VOEi9KZ.60eDpcD0EPI" displaytext="Click the panel" expand="false" type="slide" />
          </links>
        </slidelink>
        <slidelink slideid="_player.5qSG8tU5oBq" displaytext="5.Test_Closing a Document" expand="true" type="slide">
          <links>
            <slidelink slideid="_player.5qSG8tU5oBq.6U1eFlIVIMw" displaytext="Hotspot" expand="false" type="slide" />
            <slidelink slideid="_player.5qSG8tU5oBq.5hna0KRtOmf" displaytext="Hotspot" expand="false" type="slide" />
            <slidelink slideid="_player.5qSG8tU5oBq.6difCexiHfS" displaytext="Hotspot" expand="false" type="slide" />
          </links>
        </slidelink>
        <slidelink slideid="_player.5vjbyf3g8Mc" displaytext="6.View_Exiting Word" expand="true" type="slide">
          <links>
            <slidelink slideid="_player.5vjbyf3g8Mc.5oSpyPPzE2W" displaytext="Click " expand="false" type="slide" />
            <slidelink slideid="_player.5vjbyf3g8Mc.6JPy7htraYN" displaytext="Click the Items View list" expand="false" type="slide" />
          </links>
        </slidelink>
        <slidelink slideid="_player.5sfMJFpi36w" displaytext="6.Try_Exiting Word" expand="true" type="slide">
          <links>
            <slidelink slideid="_player.5sfMJFpi36w.65NKoUyAvx6" displaytext="Click " expand="false" type="slide" />
            <slidelink slideid="_player.5sfMJFpi36w.6TTdWR95BP1" displaytext="Click the Items View list" expand="false" type="slide" />
          </links>
        </slidelink>
        <slidelink slideid="_player.6Ezt5hekVMU" displaytext="6.Test_Exiting Word" expand="true" type="slide">
          <links>
            <slidelink slideid="_player.6Ezt5hekVMU.5WGKrHxEgDn" displaytext="Hotspot" expand="false" type="slide" />
            <slidelink slideid="_player.6Ezt5hekVMU.6ig8GknT70q" displaytext="Hotspot" expand="false" type="slide" />
          </links>
        </slidelink>
        <slidelink slideid="_player.6IMmxzH1xM9" displaytext="7.View_Opening an Existing Document" expand="true" type="slide">
          <links>
            <slidelink slideid="_player.6IMmxzH1xM9.6NGX2nLEhFo" displaytext="Click MsoDockTop" expand="false" type="slide" />
            <slidelink slideid="_player.6IMmxzH1xM9.67LuTeC0t8D" displaytext="Click the Open list item" expand="false" type="slide" />
            <slidelink slideid="_player.6IMmxzH1xM9.6MCdW6JIUtN" displaytext="Click the Browse button" expand="false" type="slide" />
            <slidelink slideid="_player.6IMmxzH1xM9.5rWlys6snGs" displaytext="Click the Start of Quick Access - Desktop (pinned) tree view item" expand="false" type="slide" />
            <slidelink slideid="_player.6IMmxzH1xM9.6HdjQ6KSfb1" displaytext="Click the text box" expand="false" type="slide" />
            <slidelink slideid="_player.6IMmxzH1xM9.5xcVLIovT7r" displaytext="Click the Open page" expand="false" type="slide" />
            <slidelink slideid="_player.6IMmxzH1xM9.5s9gHO3Xetv" displaytext="Click the text box" expand="false" type="slide" />
            <slidelink slideid="_player.6IMmxzH1xM9.6R5qpkcHgAD" displaytext="Click the Open page" expand="false" type="slide" />
            <slidelink slideid="_player.6IMmxzH1xM9.5dGfvNSTcGc" displaytext="Click Microsoft Word Document" expand="false" type="slide" />
            <slidelink slideid="_player.6IMmxzH1xM9.5bbzTUDuY20" displaytext="Press Enter" expand="false" type="slide" />
            <slidelink slideid="_player.6IMmxzH1xM9.6q6xinHR54b" displaytext="Type Date: 29 Aug 2024" expand="false" type="slide" />
            <slidelink slideid="_player.6IMmxzH1xM9.6eJXfFwZHcC" displaytext="Type Time: 04:00 PM" expand="false" type="slide" />
            <slidelink slideid="_player.6IMmxzH1xM9.63wwVclKvqh" displaytext="Click MsoDockTop" expand="false" type="slide" />
            <slidelink slideid="_player.6IMmxzH1xM9.6EPOJfmRlrv" displaytext="Click the Save list item" expand="false" type="slide" />
            <slidelink slideid="_player.6IMmxzH1xM9.6JrfX7eu1dy" displaytext="Click the Save list item" expand="false" type="slide" />
          </links>
        </slidelink>
        <slidelink slideid="_player.5UtxSAI7vN8" displaytext="7.Try_Opening an Existing Document" expand="true" type="slide">
          <links>
            <slidelink slideid="_player.5UtxSAI7vN8.6flOxshADYN" displaytext="Click MsoDockTop" expand="false" type="slide" />
            <slidelink slideid="_player.5UtxSAI7vN8.5ij0M3O60fq" displaytext="Click the Open list item" expand="false" type="slide" />
            <slidelink slideid="_player.5UtxSAI7vN8.6p87SWQpb2Z" displaytext="Click the Browse button" expand="false" type="slide" />
            <slidelink slideid="_player.5UtxSAI7vN8.61YkWjoHoho" displaytext="Click the Start of Quick Access - Desktop (pinned) tree view item" expand="false" type="slide" />
            <slidelink slideid="_player.5UtxSAI7vN8.6EjenWvFjp2" displaytext="Click the text box" expand="false" type="slide" />
            <slidelink slideid="_player.5UtxSAI7vN8.64E4Snh8tvZ" displaytext="Click the Open page" expand="false" type="slide" />
            <slidelink slideid="_player.5UtxSAI7vN8.6C7FJDstqkx" displaytext="Click the text box" expand="false" type="slide" />
            <slidelink slideid="_player.5UtxSAI7vN8.6ICSAG4xpKA" displaytext="Click the Open page" expand="false" type="slide" />
            <slidelink slideid="_player.5UtxSAI7vN8.6RuhTL5pER2" displaytext="Click Microsoft Word Document" expand="false" type="slide" />
            <slidelink slideid="_player.5UtxSAI7vN8.5quVvF6IwYB" displaytext="Press Enter" expand="false" type="slide" />
            <slidelink slideid="_player.5UtxSAI7vN8.5oDxVha8U6Z" displaytext="Type Date: 29 Aug 2024" expand="false" type="slide" />
            <slidelink slideid="_player.5UtxSAI7vN8.5W8170CrOCv" displaytext="Type Time: 04:00 PM" expand="false" type="slide" />
            <slidelink slideid="_player.5UtxSAI7vN8.5yq5AjfwPrT" displaytext="Click MsoDockTop" expand="false" type="slide" />
            <slidelink slideid="_player.5UtxSAI7vN8.5wMrL22RVMy" displaytext="Click MsoDockTop" expand="false" type="slide" />
            <slidelink slideid="_player.5UtxSAI7vN8.5yEynzw07tf" displaytext="Click the Save list item" expand="false" type="slide" />
          </links>
        </slidelink>
        <slidelink slideid="_player.6ZPCndYQtUA" displaytext="7.Test_Opening an Existing Document" expand="true" type="slide">
          <links>
            <slidelink slideid="_player.6ZPCndYQtUA.6IUd2xVr9MP" displaytext="Hotspot" expand="false" type="slide" />
            <slidelink slideid="_player.6ZPCndYQtUA.5o36hQUaBY7" displaytext="Hotspot" expand="false" type="slide" />
            <slidelink slideid="_player.6ZPCndYQtUA.5xal7snCBZr" displaytext="Hotspot" expand="false" type="slide" />
            <slidelink slideid="_player.6ZPCndYQtUA.6B8Ikr8GM1s" displaytext="Hotspot" expand="false" type="slide" />
            <slidelink slideid="_player.6ZPCndYQtUA.5jdNOKyJpCk" displaytext="Hotspot" expand="false" type="slide" />
            <slidelink slideid="_player.6ZPCndYQtUA.6Zy2uyGRM2w" displaytext="Hotspot" expand="false" type="slide" />
            <slidelink slideid="_player.6ZPCndYQtUA.5zwj480O6uS" displaytext="Hotspot" expand="false" type="slide" />
            <slidelink slideid="_player.6ZPCndYQtUA.6psvlzOKPkd" displaytext="Hotspot" expand="false" type="slide" />
            <slidelink slideid="_player.6ZPCndYQtUA.5WNzmfC0qeB" displaytext="Hotspot" expand="false" type="slide" />
            <slidelink slideid="_player.6ZPCndYQtUA.6ew1PAsphwM" displaytext="Shortcut Key" expand="false" type="slide" />
            <slidelink slideid="_player.6ZPCndYQtUA.5chwXONMGgl" displaytext="Text Entry" expand="false" type="slide" />
            <slidelink slideid="_player.6ZPCndYQtUA.5x1uFkS9hBn" displaytext="Text Entry" expand="false" type="slide" />
            <slidelink slideid="_player.6ZPCndYQtUA.6WSbnkY5jc7" displaytext="Hotspot" expand="false" type="slide" />
            <slidelink slideid="_player.6ZPCndYQtUA.6Y0TsUDnnRj" displaytext="Hotspot" expand="false" type="slide" />
            <slidelink slideid="_player.6ZPCndYQtUA.62DlrmZhZsd" displaytext="Hotspot" expand="false" type="slide" />
          </links>
        </slidelink>
        <slidelink slideid="_player.6AAcFnOX2NY" displaytext="8.View_Printing a Document" expand="true" type="slide">
          <links>
            <slidelink slideid="_player.6AAcFnOX2NY.61gb3e39QnG" displaytext="Click the File Tab button" expand="false" type="slide" />
            <slidelink slideid="_player.6AAcFnOX2NY.5VchAlHnxNZ" displaytext="Click the Print list item" expand="false" type="slide" />
            <slidelink slideid="_player.6AAcFnOX2NY.6RgeKfevArv" displaytext="Click the Which Printer combo box" expand="false" type="slide" />
            <slidelink slideid="_player.6AAcFnOX2NY.6lGIjCoSdjh" displaytext="Click the Kips Printers list item" expand="false" type="slide" />
            <slidelink slideid="_player.6AAcFnOX2NY.5VlgcvEJ17V" displaytext="Click the text box" expand="false" type="slide" />
            <slidelink slideid="_player.6AAcFnOX2NY.5vAyAU1gzdw" displaytext="Type 1" expand="false" type="slide" />
            <slidelink slideid="_player.6AAcFnOX2NY.64C7vJ7VZta" displaytext="Click the Print button" expand="false" type="slide" />
            <slidelink slideid="_player.6AAcFnOX2NY.6g9CCA3K3uZ" displaytext="Click Microsoft Word Document" expand="false" type="slide" />
          </links>
        </slidelink>
        <slidelink slideid="_player.5h2O7nTHaD6" displaytext="8.Try_Printing a Document" expand="true" type="slide">
          <links>
            <slidelink slideid="_player.5h2O7nTHaD6.6EFSjTKUHuQ" displaytext="Click the File Tab button" expand="false" type="slide" />
            <slidelink slideid="_player.5h2O7nTHaD6.6drWfYht0BB" displaytext="Click the Print list item" expand="false" type="slide" />
            <slidelink slideid="_player.5h2O7nTHaD6.6HmyD0RMMFx" displaytext="Click the Which Printer combo box" expand="false" type="slide" />
            <slidelink slideid="_player.5h2O7nTHaD6.5ZqpvodI3lX" displaytext="Click the Kips Printers list item" expand="false" type="slide" />
            <slidelink slideid="_player.5h2O7nTHaD6.6V178Hxlqpb" displaytext="Click the text box" expand="false" type="slide" />
            <slidelink slideid="_player.5h2O7nTHaD6.62SXf6nc411" displaytext="Type 1" expand="false" type="slide" />
            <slidelink slideid="_player.5h2O7nTHaD6.5mYwsoRFd5E" displaytext="Click the Print button" expand="false" type="slide" />
            <slidelink slideid="_player.5h2O7nTHaD6.5xFefb9draA" displaytext="Click Microsoft Word Document" expand="false" type="slide" />
          </links>
        </slidelink>
        <slidelink slideid="_player.68hV0bDZxH9" displaytext="8.Test_Printing a Document" expand="true" type="slide">
          <links>
            <slidelink slideid="_player.68hV0bDZxH9.6qCjlpXnOwi" displaytext="Hotspot" expand="false" type="slide" />
            <slidelink slideid="_player.68hV0bDZxH9.5anFKCFtGrg" displaytext="Hotspot" expand="false" type="slide" />
            <slidelink slideid="_player.68hV0bDZxH9.6I57WF3RMow" displaytext="Hotspot" expand="false" type="slide" />
            <slidelink slideid="_player.68hV0bDZxH9.68mnrq6bKZm" displaytext="Hotspot" expand="false" type="slide" />
            <slidelink slideid="_player.68hV0bDZxH9.6BXlbymah7g" displaytext="Hotspot" expand="false" type="slide" />
            <slidelink slideid="_player.68hV0bDZxH9.6nkkZzWFGqm" displaytext="Text Entry" expand="false" type="slide" />
            <slidelink slideid="_player.68hV0bDZxH9.6kPeNCT2vDG" displaytext="Hotspot" expand="false" type="slide" />
            <slidelink slideid="_player.68hV0bDZxH9.5XaECOaClS4" displaytext="Hotspot" expand="false" type="slide" />
          </links>
        </slidelink>
        <slidelink slideid="" displaytext="Result" expand="true" type="slide" />
      </links>
    </outline>
  </nav_data>
  <resource_data description="&lt;p align='left'&gt;&lt;font face='Lato' style='font-size: 11px;' size='11' color='#BABBBA'&gt;Here are some useful links and documents:&lt;/font&gt;&lt;/p&gt;" />
  <transcript_data />
  <glossary_data />
</bwFrame>